suite,problem,size,ams,nvar,ncon,nnzj,nnzh,tobj,tcon,tgrad,tjac,thess,thprod,tjprod,tjtprod,tcreate
LV,rosenrock,20,ExaModels,20,18,54,165,1.9e-8,5.35e-7,1.2e-7,1.032e-6,1.926e-6,2.53e-7,1.027e-6,1.075e-6,1.2912e-5
LV,rosenrock,2000,ExaModels,2000,1998,5994,17985,2.0e-8,5.2757e-5,9.486e-6,0.000108849,0.000204424,2.3584e-5,0.000112435,0.00011353,0.000128267
LV,rosenrock,200000,ExaModels,200000,199998,599994,1799985,1.9e-8,0.005333946,0.000988689,0.011238408,0.022113614,0.00232863,0.011065744,0.011416068,0.018473657
LV,wood,20,ExaModels,20,13,39,102,7.8e-8,1.03e-7,1.54e-7,1.63e-7,6.08e-7,3.51e-7,2.46e-7,2.61e-7,9.893e-6
LV,wood,2000,ExaModels,2000,1993,5979,12972,4.652e-6,6.355e-6,1.4069e-5,1.9666e-5,6.9832e-5,3.5147e-5,2.6656e-5,3.0459e-5,0.000124348
LV,wood,200000,ExaModels,200000,199993,599979,1299972,0.000459248,0.000610714,0.001474586,0.002080707,0.007465338,0.003187544,0.002736329,0.003108083,0.018479627
LV,chained_powell,20,ExaModels,20,2,4,79,1.73e-7,1.01e-7,2.19e-7,1.08e-7,5.54e-7,4.58e-7,1.28e-7,1.29e-7,1.5662e-5
LV,chained_powell,2000,ExaModels,2000,2,4,7999,1.4863e-5,1.01e-7,2.049e-5,9.9e-8,4.5677e-5,4.5677e-5,1.28e-7,2.14e-7,2.9536e-5
LV,chained_powell,200000,ExaModels,200000,2,4,799999,0.001441522,1.02e-7,0.002042866,9.9e-8,0.00474713,0.004777778,1.28e-7,5.0402e-5,0.00174009
LV,cragg_levy,20,ExaModels,20,18,54,135,4.39e-7,1.11e-7,5.86e-7,2.1e-7,1.431e-6,1.179e-6,2.51e-7,2.79e-7,1.1797e-5
LV,cragg_levy,2000,ExaModels,2000,1998,5994,14985,4.528e-5,5.425e-6,6.3572e-5,2.0435e-5,0.000161901,0.00012933,2.2129e-5,2.3661e-5,0.000126813
LV,cragg_levy,200000,ExaModels,200000,199998,599994,1499985,0.004421657,0.000522998,0.006583221,0.002200833,0.016992603,0.013468976,0.002201761,0.002471665,0.018294624
LV,broyden_tridiagonal,20,ExaModels,20,16,80,194,2.73e-7,1.44e-7,4.27e-7,2.5e-7,1.215e-6,1.058e-6,3.01e-7,3.23e-7,1.7284e-5
LV,broyden_tridiagonal,2000,ExaModels,2000,1996,9980,21974,2.1561e-5,9.138e-6,3.7435e-5,2.7331e-5,0.000127202,0.000105039,3.0485e-5,3.1439e-5,0.00014136
LV,broyden_tridiagonal,200000,ExaModels,200000,199996,999980,2199974,0.002159436,0.000920671,0.003818452,0.003030413,0.014358263,0.010924449,0.003112333,0.00320598,0.018654658
LV,broyden_banded,20,ExaModels,40,29,167,258,2.61e-7,3.44e-7,4.26e-7,6.1e-7,2.038e-6,1.025e-6,7.39e-7,7.12e-7,6.3004e-5
LV,broyden_banded,2000,ExaModels,4000,2999,18977,27978,2.2243e-5,2.5654e-5,3.7806e-5,6.2616e-5,0.000206235,9.5926e-5,7.6709e-5,7.5235e-5,0.00029046
LV,broyden_banded,200000,ExaModels,400000,299999,1899977,2799978,0.002224893,0.002623885,0.003894462,0.007135199,0.022635625,0.00973818,0.007884699,0.007300682,0.031742103
LV,trigo_tridiagonal,20,ExaModels,20,4,14,69,4.24e-7,8.4e-8,8.44e-7,8.3e-8,1.303e-6,1.26e-6,1.05e-7,1.14e-7,2.0375e-5
LV,trigo_tridiagonal,2000,ExaModels,2000,4,14,6009,4.216e-5,8.4e-8,8.7786e-5,8.5e-8,0.000131174,0.000132755,1.07e-7,1.95e-7,3.5237e-5
LV,trigo_tridiagonal,200000,ExaModels,200000,4,14,600009,0.004269237,8.4e-8,0.009011098,7.7e-8,0.013631586,0.013369121,1.08e-7,5.1173e-5,0.001921948
LV,augmented_lagrangian,20,ExaModels,20,18,54,106,1.53e-7,2.0e-7,2.42e-7,2.76e-7,8.83e-7,6.01e-7,3.51e-7,3.43e-7,1.7974e-5
LV,augmented_lagrangian,2000,ExaModels,2000,1998,5994,10798,1.0271e-5,1.5228e-5,2.0496e-5,2.6575e-5,8.7707e-5,5.5768e-5,3.176e-5,3.2553e-5,0.000135916
LV,augmented_lagrangian,200000,ExaModels,200000,199998,599994,1079998,0.001064988,0.001612657,0.002102239,0.002797687,0.009738634,0.00552333,0.003233547,0.003264736,0.018442589
LV,modified_brown,20,ExaModels,20,6,30,61,1.28e-7,1.18e-7,2.16e-7,1.18e-7,3.95e-7,2.99e-7,1.57e-7,1.62e-7,4.2336e-5
LV,modified_brown,2000,ExaModels,2000,6,30,3031,9.645e-6,1.16e-7,1.5976e-5,1.17e-7,2.6395e-5,2.6033e-5,1.52e-7,2.3e-7,5.7083e-5
LV,modified_brown,200000,ExaModels,200000,6,30,300031,0.000939902,1.19e-7,0.001635302,1.19e-7,0.00262296,0.002658171,1.56e-7,5.1871e-5,0.001990781
LV,generalized_brown,20,ExaModels,20,18,54,58,8.4e-8,1.02e-7,3.93e-7,1.56e-7,1.026e-6,8.94e-7,2.12e-7,2.01e-7,8.669e-6
LV,generalized_brown,2000,ExaModels,2000,1998,5994,5998,6.426e-6,4.165e-6,3.5148e-5,1.4101e-5,0.000101458,8.3588e-5,1.6744e-5,1.6816e-5,0.000129898
LV,generalized_brown,200000,ExaModels,200000,199998,599994,599998,0.000545754,0.000421506,0.003642374,0.001480878,0.01057926,0.008540298,0.00171711,0.001572584,0.018870096
LV,chained_hs46,20,ExaModels,20,11,33,79,1.16e-7,1.69e-7,1.69e-7,2.11e-7,5.46e-7,2.79e-7,2.53e-7,2.9e-7,1.2201e-5
LV,chained_hs46,2000,ExaModels,2000,1331,3993,9319,8.739e-6,1.2902e-5,1.5008e-5,2.2285e-5,5.9102e-5,2.7963e-5,2.4258e-5,2.4894e-5,0.000100913
LV,chained_hs46,200000,ExaModels,200000,133331,399993,933319,0.000845288,0.001283914,0.001586134,0.002337662,0.006289616,0.002784276,0.002454545,0.002473815,0.013430191
LV,chained_hs47,20,ExaModels,20,11,30,57,4.7e-8,9.4e-8,7.7e-8,6.5e-8,1.67e-7,1.27e-7,1.28e-7,1.42e-7,1.4684e-5
LV,chained_hs47,2000,ExaModels,2000,1496,3990,7482,1.084e-6,2.398e-6,5.749e-6,2.945e-6,1.607e-5,1.2852e-5,7.68e-6,7.949e-6,0.00011155
LV,chained_hs47,200000,ExaModels,200000,149996,399990,749982,0.000104504,0.000325807,0.000613735,0.000466497,0.001817916,0.001148064,0.00084541,0.00091394,0.014706993
LV,chained_hs48,20,ExaModels,20,12,48,54,4.8e-8,1.04e-7,8.3e-8,9.0e-8,1.41e-7,1.24e-7,1.53e-7,1.6e-7,1.1574e-5
LV,chained_hs48,2000,ExaModels,2000,1332,5328,5994,1.02e-6,2.822e-6,5.325e-6,6.184e-6,1.1848e-5,9.8e-6,1.0224e-5,1.0696e-5,0.000100768
LV,chained_hs48,200000,ExaModels,200000,133332,533328,599994,9.8493e-5,0.000308274,0.000551746,0.000742342,0.001297446,0.000999096,0.001021195,0.001084749,0.012937278
LV,chained_hs49,20,ExaModels,20,12,36,48,1.16e-7,9.4e-8,1.69e-7,9.0e-8,2.96e-7,2.8e-7,1.18e-7,1.21e-7,1.0497e-5
LV,chained_hs49,2000,ExaModels,2000,1332,3996,5328,8.471e-6,2.439e-6,1.5429e-5,6.507e-6,2.7869e-5,2.7194e-5,6.145e-6,6.27e-6,9.914e-5
LV,chained_hs49,200000,ExaModels,200000,133332,399996,533328,0.000849504,0.00028438,0.001585486,0.000743757,0.00307789,0.002781739,0.000686606,0.000746409,0.013206355
LV,chained_hs50,20,ExaModels,20,11,33,51,4.6e-8,9.9e-8,7.8e-8,8.6e-8,1.64e-7,1.3e-7,1.45e-7,1.61e-7,1.561e-5
LV,chained_hs50,2000,ExaModels,2000,1496,4488,6486,1.086e-6,2.787e-6,5.925e-6,5.273e-6,1.609e-5,1.1869e-5,1.0676e-5,1.0865e-5,0.000113418
LV,chained_hs50,200000,ExaModels,200000,149996,449988,649986,0.000104863,0.000342149,0.000616963,0.000688238,0.001721882,0.001148176,0.001109985,0.001106736,0.014986522
LV,chained_hs51,20,ExaModels,20,11,26,39,7.5e-8,9.0e-8,9.6e-8,6.7e-8,1.75e-7,1.56e-7,1.15e-7,1.19e-7,1.2621e-5
LV,chained_hs51,2000,ExaModels,2000,1496,3491,4989,4.812e-6,2.128e-6,7.805e-6,2.199e-6,1.6282e-5,1.4396e-5,5.335e-6,5.627e-6,0.000108265
LV,chained_hs51,200000,ExaModels,200000,149996,349991,499989,0.000423692,0.000321461,0.0008044,0.000431936,0.001856098,0.001482464,0.000691361,0.000699398,0.014794615
LV,chained_hs52,20,ExaModels,20,11,26,39,7.5e-8,9.0e-8,9.7e-8,6.2e-8,1.79e-7,1.59e-7,1.15e-7,1.17e-7,1.155e-5
LV,chained_hs52,2000,ExaModels,2000,1496,3491,4989,4.444e-6,2.356e-6,7.963e-6,2.402e-6,1.7308e-5,1.4486e-5,5.858e-6,5.57e-6,0.000107066
LV,chained_hs52,200000,ExaModels,200000,149996,349991,499989,0.000441562,0.000314825,0.000827541,0.00043214,0.001841893,0.001499429,0.000681873,0.000698083,0.014739467
LV,chained_hs53,20,ExaModels,20,11,26,39,7.5e-8,9.0e-8,9.6e-8,6.3e-8,1.71e-7,1.58e-7,1.16e-7,1.18e-7,1.1711e-5
LV,chained_hs53,2000,ExaModels,2000,1496,3491,4989,4.392e-6,2.13e-6,7.814e-6,2.343e-6,1.5847e-5,1.4823e-5,5.363e-6,5.406e-6,0.000107153
LV,chained_hs53,200000,ExaModels,200000,149996,349991,499989,0.000423266,0.000319159,0.000802504,0.000430917,0.001777075,0.001485909,0.000688328,0.00069737,0.014908629
COPS,bearing,"(5, 5)",ExaModels,49,28,28,360,3.241e-6,1.01e-7,4.534e-6,5.1e-8,4.307e-6,4.524e-6,8.6e-8,9.4e-8,2.7193e-5
COPS,bearing,"(35, 35)",ExaModels,1369,148,148,12960,0.000103319,2.12e-7,0.00014323,1.05e-7,0.000142118,0.000147278,4.43e-7,2.01e-7,6.3866e-5
COPS,bearing,"(320, 320)",ExaModels,103684,1288,1288,1030410,0.008113334,1.311e-6,0.011000717,5.04e-7,0.011519593,0.011445768,3.268e-6,1.7434e-5,0.002787252
COPS,camshape,20,ExaModels,20,43,100,115,2.0e-8,1.58e-7,3.4e-8,2.54e-7,3.25e-7,2.1e-8,2.86e-7,3.01e-7,3.7867e-5
COPS,camshape,2000,ExaModels,2000,4003,10000,11995,2.0e-8,6.793e-6,2.66e-7,2.2449e-5,3.3438e-5,1.04e-7,2.0729e-5,2.2936e-5,0.00030059
COPS,camshape,170000,ExaModels,170000,340003,850000,1019995,2.0e-8,0.000601938,6.7335e-5,0.001979388,0.003053494,4.0783e-5,0.00187167,0.001982315,0.032824518
COPS,catmix,3,ExaModels,71,62,266,144,5.5e-8,1.54e-6,7.0e-8,2.219e-6,1.458e-6,1.26e-7,2.493e-6,2.485e-6,2.5395e-5
COPS,catmix,200,ExaModels,4602,4002,17602,10191,1.383e-6,9.3251e-5,2.637e-6,0.000145318,9.3534e-5,8.306e-6,0.000156004,0.000160141,0.000338948
COPS,catmix,20000,ExaModels,460002,400002,1760002,1019991,0.000137502,0.009616535,0.000309207,0.016349792,0.010434152,0.000892773,0.016768967,0.016649593,0.053814923
COPS,chain,50,ExaModels,48,38,159,88,2.0e-8,2.12e-7,3.2e-8,3.44e-7,4.46e-7,2.2e-8,4.75e-7,5.02e-7,4.2964e-5
COPS,chain,5000,ExaModels,5000,3752,17491,9992,2.0e-8,1.1242e-5,1.282e-6,3.3687e-5,4.6857e-5,1.256e-6,4.5572e-5,4.6504e-5,0.000328652
COPS,chain,500000,ExaModels,500000,375002,1749991,999992,2.0e-8,0.001196722,0.000139174,0.003880548,0.005019492,0.000137484,0.004658075,0.004763839,0.045069885
COPS,channel,5,ExaModels,200,200,1521,120,2.0e-8,1.96e-6,3.0e-8,3.395e-6,3.67e-7,3.4e-8,5.411e-6,5.383e-6,3.8673e-5
COPS,channel,400,ExaModels,16000,16000,123181,9600,2.0e-8,0.000145433,3.701e-6,0.000294854,2.6059e-5,4.268e-6,0.000458764,0.000427051,0.001909499
COPS,channel,42000,ExaModels,1680000,1680000,12935981,1008000,2.0e-8,0.022470022,0.000593065,0.050566049,0.003118473,0.000557288,0.051721458,0.049148609,0.518689869
COPS,dirichlet,5,ExaModels,10564,8331,62619,71172,2.0e-8,0.000548845,2.733e-6,0.001268197,0.001535581,2.603e-6,0.001308673,0.001325006,0.008428422
COPS,dirichlet,20,ExaModels,33199,24261,197154,227097,1.9e-8,0.001734834,8.131e-6,0.004010532,0.004934906,8.284e-6,0.004207404,0.004181451,0.025508487
COPS,dirichlet,100,ExaModels,153919,109221,914674,1058697,1.9e-8,0.008710164,3.6633e-5,0.019648573,0.023123123,3.9381e-5,0.01956602,0.019848779,0.121335755
COPS,elec,5,ExaModels,15,5,15,225,9.5e-8,7.3e-8,1.85e-7,3.5e-8,5.64e-7,6.31e-7,9.2e-8,9.4e-8,2.1638e-5
COPS,elec,50,ExaModels,150,50,150,25875,6.939e-6,1.57e-7,1.6908e-5,1.15e-7,6.085e-5,7.2415e-5,3.65e-7,3.79e-7,3.5805e-5
COPS,elec,200,ExaModels,600,200,600,418500,0.000108458,3.78e-7,0.000281272,3.91e-7,0.001051944,0.001168077,1.285e-6,1.259e-6,0.000178568
COPS,gasoil,2,ExaModels,55,52,262,734,1.977e-6,1.534e-6,2.77e-6,1.63e-6,5.284e-6,4.153e-6,1.824e-6,1.923e-6,2.7854e-5
COPS,gasoil,200,ExaModels,5203,5200,27190,11822,1.924e-6,0.000140577,3.59e-6,0.000157752,0.000148747,5.001e-6,0.000176841,0.000180809,0.000440313
COPS,gasoil,18000,ExaModels,468003,468000,2447990,1008622,1.931e-6,0.013287895,0.000132058,0.016528267,0.013731787,0.000128483,0.016674025,0.016898415,0.05628033
COPS,glider,2,ExaModels,16,15,63,252,1.9e-8,2.587e-6,1.902e-6,3.026e-6,1.0922e-5,2.1e-8,3.364e-6,3.308e-6,0.000991376
COPS,glider,80,ExaModels,406,327,2247,10080,1.9e-8,2.2922e-5,1.897e-6,4.7697e-5,0.000351921,4.7e-8,4.951e-5,4.9542e-5,0.001033544
COPS,glider,8000,ExaModels,40006,32007,224007,1008000,2.0e-8,0.002205957,1.2733e-5,0.004717101,0.036080086,9.82e-6,0.004711892,0.004883875,0.004008945
COPS,marine,2,ExaModels,79,56,194,644,2.448e-6,7.06e-7,5.144e-6,6.78e-7,7.193e-6,7.28e-6,9.94e-7,9.9e-7,2.7344e-5
COPS,marine,150,ExaModels,4815,4792,16326,11596,2.426e-6,4.5786e-5,5.846e-6,5.1796e-5,5.2947e-5,7.839e-6,7.5651e-5,7.1915e-5,0.000388086
COPS,marine,14000,ExaModels,448015,447992,1525976,1036496,2.466e-6,0.004574588,0.000124103,0.005741831,0.004827973,0.000121251,0.007304196,0.006952267,0.054313177
COPS,methanol,2,ExaModels,65,60,312,993,1.681e-6,1.617e-6,2.223e-6,1.756e-6,5.967e-6,3.29e-6,2.034e-6,2.03e-6,7.7282e-5
COPS,methanol,50,ExaModels,1505,1500,8088,12801,1.715e-6,3.7492e-5,2.367e-6,4.349e-5,6.2836e-5,3.515e-6,4.9551e-5,4.9208e-5,0.000187825
COPS,methanol,4000,ExaModels,120005,120000,647988,984501,1.755e-6,0.003038189,3.0547e-5,0.003623135,0.004971344,3.1357e-5,0.004018426,0.003992768,0.012479059
COPS,minsurf,"(5, 5)",ExaModels,49,102,102,504,2.675e-6,2.4e-7,6.021e-6,8.4e-8,8.74e-6,9.427e-6,2.23e-7,2.34e-7,3.3995e-5
COPS,minsurf,"(30, 30)",ExaModels,1024,1476,1476,13454,7.0121e-5,2.308e-6,0.000153946,5.59e-7,0.000236597,0.000244095,2.462e-6,2.317e-6,0.00011963
COPS,minsurf,"(280, 280)",ExaModels,79524,100816,100816,1105454,0.005890072,0.000251391,0.013240921,5.1392e-5,0.02033097,0.021088866,0.000253051,0.000259669,0.009610072
COPS,pinene,2,ExaModels,105,100,438,595,1.352e-6,2.398e-6,1.84e-6,2.378e-6,4.424e-6,2.636e-6,2.836e-6,2.918e-6,3.9625e-5
COPS,pinene,100,ExaModels,5005,5000,22880,10885,1.353e-6,0.000113121,2.764e-6,0.000115704,0.000102096,3.454e-6,0.000136584,0.000141822,0.000429882
COPS,pinene,10000,ExaModels,500005,500000,2289980,1050385,1.379e-6,0.012000518,0.000139905,0.013735919,0.010865754,0.000137622,0.01502307,0.01489403,0.058240999
COPS,polygon,10,ExaModels,10,16,50,140,7.5e-8,2.23e-7,1.16e-7,3.18e-7,7.04e-7,2.16e-7,3.58e-7,3.77e-7,1.1918e-5
COPS,polygon,100,ExaModels,100,1276,5000,12740,3.72e-7,1.6731e-5,8.61e-7,3.1536e-5,6.5919e-5,1.898e-6,3.7369e-5,3.4254e-5,8.4126e-5
COPS,polygon,800,ExaModels,800,80201,320000,801990,2.748e-6,0.001089162,6.751e-6,0.001995679,0.003908882,1.4496e-5,0.002125359,0.002124216,0.006535635
COPS,robot,2,ExaModels,28,24,84,134,2.0e-8,3.15e-7,3.8e-8,4.08e-7,8.13e-7,2.1e-8,4.64e-7,4.76e-7,4.7993e-5
COPS,robot,150,ExaModels,1360,912,5412,10050,2.0e-8,9.996e-6,9.2e-8,2.4872e-5,5.5738e-5,7.9e-8,2.7108e-5,2.7143e-5,0.000116165
COPS,robot,15000,ExaModels,135010,90012,540012,1005000,2.0e-8,0.001000347,3.3068e-5,0.002660035,0.006233762,3.3572e-5,0.002647588,0.002696077,0.009632147
COPS,rocket,2,ExaModels,13,10,42,118,2.0e-8,1.8e-7,3.2e-8,1.9e-7,5.19e-7,2.1e-8,2.41e-7,2.44e-7,4.5452e-5
COPS,rocket,200,ExaModels,805,604,3804,11800,2.0e-8,6.324e-6,7.1e-8,1.4035e-5,4.7918e-5,6.0e-8,1.5812e-5,1.5629e-5,8.8342e-5
COPS,rocket,17000,ExaModels,68005,51004,323004,1003000,2.0e-8,0.000539132,1.5331e-5,0.001250287,0.004302419,1.6158e-5,0.001355872,0.001340482,0.004644184
COPS,steering,5,ExaModels,31,28,108,120,2.0e-8,2.43e-7,3.3e-8,3.64e-7,5.2e-7,2.1e-8,4.32e-7,4.55e-7,1.7724e-5
COPS,steering,400,ExaModels,2006,1608,8008,9600,2.0e-8,9.869e-6,1.15e-7,2.427e-5,3.7804e-5,1.04e-7,2.8067e-5,2.8598e-5,0.000124578
COPS,steering,42000,ExaModels,210006,168008,840008,1008000,2.0e-8,0.001060486,5.628e-5,0.002703372,0.004091516,5.3227e-5,0.003021762,0.003143921,0.01775546
COPS,torsion,"(5, 5)",ExaModels,49,49,49,360,8.23e-7,1.33e-7,1.611e-6,4.9e-8,1.52e-6,1.699e-6,1.21e-7,1.28e-7,1.3802e-5
COPS,torsion,"(35, 35)",ExaModels,1369,1369,1369,12960,2.7501e-5,2.063e-6,5.8217e-5,6.55e-7,5.4412e-5,6.044e-5,1.848e-6,1.93e-6,0.00010549
COPS,torsion,"(320, 320)",ExaModels,103684,103684,103684,1030410,0.002252514,0.000188624,0.004693844,5.6052e-5,0.004746842,0.004785293,0.000187457,0.00018576,0.010846203
OPF-polar,pglib_opf_case3_lmbd.m,pglib_opf_case3_lmbd.m,ExaModels,24,28,103,141,2.0e-8,3.29e-7,3.3e-8,4.97e-7,8.35e-7,3.7e-8,6.07e-7,6.35e-7,0.000422131
OPF-polar,pglib_opf_case5_pjm.m,pglib_opf_case5_pjm.m,ExaModels,44,53,201,279,2.0e-8,5.28e-7,4.0e-8,9.3e-7,1.582e-6,4.2e-8,1.102e-6,1.135e-6,0.000435852
OPF-polar,pglib_opf_case14_ieee.m,pglib_opf_case14_ieee.m,ExaModels,118,169,639,913,2.1e-8,1.632e-6,4.7e-8,3.153e-6,5.556e-6,4.2e-8,3.685e-6,3.444e-6,0.00050617
OPF-polar,pglib_opf_case24_ieee_rts.m,pglib_opf_case24_ieee_rts.m,ExaModels,266,315,1255,1753,2.0e-8,2.817e-6,1.06e-7,5.517e-6,1.0585e-5,1.42e-7,6.335e-6,6.592e-6,0.000631375
OPF-polar,pglib_opf_case30_ieee.m,pglib_opf_case30_ieee.m,ExaModels,236,348,1303,1870,2.0e-8,3.143e-6,5.4e-8,6.105e-6,1.1399e-5,5.5e-8,6.81e-6,7.639e-6,0.000584809
OPF-polar,pglib_opf_case30_as.m,pglib_opf_case30_as.m,ExaModels,236,348,1303,1870,2.0e-8,2.855e-6,5.5e-8,5.878e-6,1.0563e-5,5.5e-8,6.757e-6,7.112e-6,0.000573248
OPF-polar,pglib_opf_case39_epri.m,pglib_opf_case39_epri.m,ExaModels,282,401,1479,2112,2.0e-8,3.237e-6,6.5e-8,7.312e-6,1.1818e-5,7.2e-8,7.611e-6,7.945e-6,0.000615177
OPF-polar,pglib_opf_case57_ieee.m,pglib_opf_case57_ieee.m,ExaModels,448,675,2529,3641,2.0e-8,6.014e-6,6.6e-8,1.2233e-5,2.244e-5,6.8e-8,1.3291e-5,1.3927e-5,0.000743958
OPF-polar,pglib_opf_case60_c.m,pglib_opf_case60_c.m,ExaModels,518,737,2807,4015,2.0e-8,6.084e-6,9.5e-8,1.4312e-5,2.2367e-5,1.02e-7,1.4725e-5,1.5335e-5,0.000764087
OPF-polar,pglib_opf_case73_ieee_rts.m,pglib_opf_case73_ieee_rts.m,ExaModels,824,987,3945,5525,2.0e-8,8.495e-6,2.43e-7,1.8245e-5,3.3924e-5,2.92e-7,2.0317e-5,2.2366e-5,0.001081257
OPF-polar,pglib_opf_case89_pegase.m,pglib_opf_case89_pegase.m,ExaModels,1042,1649,6503,9430,2.1e-8,1.4738e-5,9.6e-8,3.2395e-5,5.3955e-5,1.03e-7,3.5196e-5,3.724e-5,0.001130338
OPF-polar,pglib_opf_case118_ieee.m,pglib_opf_case118_ieee.m,ExaModels,1088,1539,5925,8474,2.0e-8,1.3128e-5,1.82e-7,2.8292e-5,5.2313e-5,2.03e-7,3.1007e-5,3.2329e-5,0.001244852
OPF-polar,pglib_opf_case162_ieee_dtc.m,pglib_opf_case162_ieee_dtc.m,ExaModels,1484,2313,8869,12832,2.1e-8,1.9799e-5,1.15e-7,4.6317e-5,7.9811e-5,1.2e-7,4.7963e-5,5.0852e-5,0.001417553
OPF-polar,pglib_opf_case179_goc.m,pglib_opf_case179_goc.m,ExaModels,1468,2200,8307,11959,2.0e-8,1.862e-5,1.5e-7,3.9408e-5,6.811e-5,1.65e-7,4.3884e-5,4.6943e-5,0.001470048
OPF-polar,pglib_opf_case197_snem.m,pglib_opf_case197_snem.m,ExaModels,1608,2397,9045,13013,2.0e-8,2.0264e-5,1.66e-7,4.684e-5,8.1078e-5,1.82e-7,4.7698e-5,5.1374e-5,0.001610713
OPF-polar,pglib_opf_case200_activ.m,pglib_opf_case200_activ.m,ExaModels,1456,2116,7827,11218,2.0e-8,1.7418e-5,1.8e-7,4.0082e-5,6.3314e-5,1.85e-7,3.9897e-5,4.2828e-5,0.001616062
OPF-polar,pglib_opf_case240_pserc.m,pglib_opf_case240_pserc.m,ExaModels,2558,3617,14207,20335,2.0e-8,3.1854e-5,6.59e-7,6.7258e-5,0.000114901,7.04e-7,7.5003e-5,7.8438e-5,0.002295398
OPF-polar,pglib_opf_case300_ieee.m,pglib_opf_case300_ieee.m,ExaModels,2382,3478,13069,18753,2.0e-8,2.9274e-5,2.63e-7,6.0779e-5,0.00011657,3.41e-7,6.8819e-5,7.2103e-5,0.002189644
OPF-polar,pglib_opf_case500_goc.m,pglib_opf_case500_goc.m,ExaModels,4254,6097,23183,33203,2.0e-8,5.2153e-5,1.511e-6,0.000111031,0.000207408,1.71e-6,0.000120542,0.000129441,0.00380741
OPF-polar,pglib_opf_case588_sdet.m,pglib_opf_case588_sdet.m,ExaModels,4110,5979,21947,31455,2.0e-8,4.7981e-5,1.244e-6,0.000104796,0.000196595,1.381e-6,0.000113819,0.000128021,0.003422358
OPF-polar,pglib_opf_case793_goc.m,pglib_opf_case793_goc.m,ExaModels,5432,7978,29171,41855,2.0e-8,6.57e-5,1.557e-6,0.000137732,0.000260631,1.726e-6,0.000150967,0.000161994,0.004752012
OPF-polar,pglib_opf_case1354_pegase.m,pglib_opf_case1354_pegase.m,ExaModels,11192,16646,62959,90572,2.0e-8,0.000163223,3.87e-6,0.000313221,0.000539482,3.739e-6,0.000355122,0.000379513,0.008523485
OPF-polar,pglib_opf_case1803_snem.m,pglib_opf_case1803_snem.m,ExaModels,15246,23172,87917,126816,2.0e-8,0.000214025,4.412e-6,0.000445698,0.000830526,4.951e-6,0.000490346,0.000524939,0.0113697
OPF-polar,pglib_opf_case1888_rte.m,pglib_opf_case1888_rte.m,ExaModels,14480,21494,80287,115430,2.0e-8,0.000187901,4.867e-6,0.000400004,0.000749564,4.447e-6,0.000449133,0.000474798,0.011059659
OPF-polar,pglib_opf_case1951_rte.m,pglib_opf_case1951_rte.m,ExaModels,15018,22075,82515,118492,2.0e-8,0.000200184,4.984e-6,0.000412963,0.000770873,4.554e-6,0.000459562,0.000496652,0.011536342
OPF-polar,pglib_opf_case2000_goc.m,pglib_opf_case2000_goc.m,ExaModels,19008,29432,113467,164090,2.1e-8,0.000285938,5.43e-6,0.000585706,0.001090182,5.355e-6,0.000647761,0.00068977,0.014995479
OPF-polar,pglib_opf_case2312_goc.m,pglib_opf_case2312_goc.m,ExaModels,17128,25716,95467,137422,2.0e-8,0.000230437,4.889e-6,0.000475912,0.000867961,5.354e-6,0.000523433,0.000571204,0.013143254
OPF-polar,pglib_opf_case2383wp_k.m,pglib_opf_case2383wp_k.m,ExaModels,17004,25039,92301,132517,3.9e-8,0.000223031,4.668e-6,0.000468266,0.00081773,5.622e-6,0.000503755,0.000537188,0.012159669
OPF-polar,pglib_opf_case2736sp_k.m,pglib_opf_case2736sp_k.m,ExaModels,19088,28356,104083,149578,2.0e-8,0.000256869,6.055e-6,0.000533394,0.000931385,5.768e-6,0.000591997,0.000614367,0.014501148
OPF-polar,pglib_opf_case2737sop_k.m,pglib_opf_case2737sop_k.m,ExaModels,18988,28358,103983,149529,2.0e-8,0.000257409,5.65e-6,0.000536092,0.000903224,5.582e-6,0.000576708,0.000613505,0.014321932
OPF-polar,pglib_opf_case2742_goc.m,pglib_opf_case2742_goc.m,ExaModels,24540,38196,146039,211278,2.0e-8,0.000384975,7.129e-6,0.000769928,0.001414531,6.809e-6,0.000850399,0.00091277,0.016794845
OPF-polar,pglib_opf_case2746wop_k.m,pglib_opf_case2746wop_k.m,ExaModels,19582,28642,105565,151431,2.1e-8,0.000267953,6.41e-6,0.000544187,0.000942118,6.216e-6,0.000606141,0.000641935,0.014737441
OPF-polar,pglib_opf_case2746wp_k.m,pglib_opf_case2746wp_k.m,ExaModels,19520,28446,104775,150224,2.0e-8,0.000259989,6.095e-6,0.000538053,0.000909401,6.605e-6,0.000587694,0.000648145,0.014745452
OPF-polar,pglib_opf_case2848_rte.m,pglib_opf_case2848_rte.m,ExaModels,21822,32129,119999,172351,2.0e-8,0.000305677,6.651e-6,0.000618646,0.001053075,7.458e-6,0.000709861,0.000755504,0.01639373
OPF-polar,pglib_opf_case2853_sdet.m,pglib_opf_case2853_sdet.m,ExaModels,23028,33154,124975,179049,2.0e-8,0.000317211,8.447e-6,0.000646465,0.001193914,8.329e-6,0.000728162,0.00077342,0.01725895
OPF-polar,pglib_opf_case2868_rte.m,pglib_opf_case2868_rte.m,ExaModels,22090,32393,121099,173849,2.1e-8,0.00030936,7.075e-6,0.000630966,0.001133678,7.489e-6,0.000699465,0.000757325,0.016716541
OPF-polar,pglib_opf_case2869_pegase.m,pglib_opf_case2869_pegase.m,ExaModels,25086,37813,144219,207856,2.0e-8,0.000379542,8.256e-6,0.000771162,0.001282547,8.042e-6,0.000873889,0.000914268,0.017695504
OPF-polar,pglib_opf_case3012wp_k.m,pglib_opf_case3012wp_k.m,ExaModels,21082,31029,113955,163577,2.0e-8,0.00029365,6.653e-6,0.000590154,0.001040617,6.119e-6,0.000638556,0.000694642,0.015891527
OPF-polar,pglib_opf_case3022_goc.m,pglib_opf_case3022_goc.m,ExaModels,23238,34990,130749,188311,2.1e-8,0.000331676,7.263e-6,0.000687164,0.001261914,6.384e-6,0.000740202,0.0008112,0.017082849
OPF-polar,pglib_opf_case3120sp_k.m,pglib_opf_case3120sp_k.m,ExaModels,21608,32092,117627,169030,2.0e-8,0.000306977,6.811e-6,0.000613004,0.001033283,6.625e-6,0.00066157,0.000705941,0.015955275
OPF-polar,pglib_opf_case3375wp_k.m,pglib_opf_case3375wp_k.m,ExaModels,24350,35876,132537,190311,2.0e-8,0.000339502,8.006e-6,0.000678146,0.001215149,7.324e-6,0.000755016,0.000825153,0.017850004
OPF-polar,pglib_opf_case3970_goc.m,pglib_opf_case3970_goc.m,ExaModels,35270,54428,207937,300527,2.0e-8,0.000571346,1.0601e-5,0.001108178,0.001979217,1.031e-5,0.001243928,0.001318869,0.023668285
OPF-polar,pglib_opf_case4020_goc.m,pglib_opf_case4020_goc.m,ExaModels,36696,56957,218385,315864,2.0e-8,0.000603935,1.0393e-5,0.001168318,0.002078947,1.05e-5,0.001311621,0.001393429,0.025730008
OPF-polar,pglib_opf_case4601_goc.m,pglib_opf_case4601_goc.m,ExaModels,38814,59596,225989,326366,2.0e-8,0.000633329,1.0821e-5,0.001205624,0.002206725,1.1413e-5,0.001360888,0.001413146,0.027398996
OPF-polar,pglib_opf_case4619_goc.m,pglib_opf_case4619_goc.m,ExaModels,42532,66289,254433,368185,2.0e-8,0.000715871,1.2083e-5,0.001377068,0.002495209,1.2681e-5,0.001554519,0.001643514,0.030581896
OPF-polar,pglib_opf_case4661_sdet.m,pglib_opf_case4661_sdet.m,ExaModels,34758,51302,190681,273914,2.0e-8,0.00052757,1.0198e-5,0.001009951,0.001836162,1.1014e-5,0.001151395,0.001211453,0.026182286
OPF-polar,pglib_opf_case4837_goc.m,pglib_opf_case4837_goc.m,ExaModels,41398,64030,243289,351666,2.0e-8,0.000674803,1.1797e-5,0.001306078,0.002336897,1.1541e-5,0.001479369,0.001576763,0.028773495
OPF-polar,pglib_opf_case4917_goc.m,pglib_opf_case4917_goc.m,ExaModels,37872,56917,212749,306345,2.0e-8,0.00059612,1.1402e-5,0.001137779,0.002024028,1.0365e-5,0.001282755,0.00136235,0.029298302
OPF-polar,pglib_opf_case5658_epigrids.m,pglib_opf_case5658_epigrids.m,ExaModels,48552,74821,284425,410958,2.1e-8,0.000814469,1.423e-5,0.001547325,0.002791542,1.4286e-5,0.001777209,0.001870529,0.03410278
OPF-polar,pglib_opf_case6468_rte.m,pglib_opf_case6468_rte.m,ExaModels,49734,75937,283735,409335,2.0e-8,0.000834583,1.4588e-5,0.001580582,0.002578708,1.492e-5,0.00181231,0.001886,0.039399478
OPF-polar,pglib_opf_case6470_rte.m,pglib_opf_case6470_rte.m,ExaModels,50482,75976,284613,409921,1.9e-8,0.000813299,1.4691e-5,0.001553697,0.002666256,1.5605e-5,0.001770742,0.001906988,0.037021697
OPF-polar,pglib_opf_case6495_rte.m,pglib_opf_case6495_rte.m,ExaModels,50426,76124,284921,410506,1.9e-8,0.000827372,1.3561e-5,0.001550443,0.002558427,1.4572e-5,0.001798856,0.001892212,0.03744339
OPF-polar,pglib_opf_case6515_rte.m,pglib_opf_case6515_rte.m,ExaModels,50546,76290,285509,411342,2.0e-8,0.000813295,1.3532e-5,0.001564692,0.002789756,1.5148e-5,0.001759554,0.001905478,0.03833917
OPF-polar,pglib_opf_case7336_epigrids.m,pglib_opf_case7336_epigrids.m,ExaModels,62116,95306,361611,522192,2.0e-8,0.00107683,1.8265e-5,0.001976826,0.0034908,1.8148e-5,0.002229526,0.00237081,0.045165162
OPF-polar,pglib_opf_case8387_pegase.m,pglib_opf_case8387_pegase.m,ExaModels,78748,118702,457335,659323,2.0e-8,0.001405066,2.577e-5,0.002602931,0.004567357,2.5589e-5,0.00313929,0.003271463,0.060943815
OPF-polar,pglib_opf_case9241_pegase.m,pglib_opf_case9241_pegase.m,ExaModels,85568,130826,502843,726083,2.0e-8,0.001536824,2.3617e-5,0.002868839,0.004942935,2.2821e-5,0.003439634,0.003637969,0.060655234
OPF-polar,pglib_opf_case9591_goc.m,pglib_opf_case9591_goc.m,ExaModels,83572,130588,497363,719807,2.0e-8,0.001519094,2.4224e-5,0.002755331,0.004815182,1.9585e-5,0.003183027,0.003386617,0.059224176
OPF-polar,pglib_opf_case10000_goc.m,pglib_opf_case10000_goc.m,ExaModels,76804,112352,419823,602508,2.0e-8,0.001261144,2.0293e-5,0.002314955,0.003822579,1.9191e-5,0.002577752,0.00271864,0.05801848
OPF-polar,pglib_opf_case10192_epigrids.m,pglib_opf_case10192_epigrids.m,ExaModels,89850,139456,532137,769576,2.0e-8,0.001589761,2.2516e-5,0.002986259,0.004910987,1.9458e-5,0.003308048,0.003537445,0.064222618
OPF-polar,pglib_opf_case10480_goc.m,pglib_opf_case10480_goc.m,ExaModels,96750,150874,579285,838333,1.9e-8,0.001747128,2.7328e-5,0.003169838,0.005409998,2.0893e-5,0.003680936,0.004003998,0.066222484
OPF-polar,pglib_opf_case13659_pegase.m,pglib_opf_case13659_pegase.m,ExaModels,117370,170588,649513,931958,2.0e-8,0.002214308,3.647e-5,0.00385969,0.006708223,4.0081e-5,0.005218762,0.005398352,0.087703938
OPF-polar,pglib_opf_case19402_goc.m,pglib_opf_case19402_goc.m,ExaModels,179562,281733,1081867,1566751,2.0e-8,0.003740692,3.9367e-5,0.006527173,0.011593158,3.9449e-5,0.007328998,0.008087745,0.124909836
OPF-polar,pglib_opf_case20758_epigrids.m,pglib_opf_case20758_epigrids.m,ExaModels,179236,274918,1046155,1510782,2.0e-8,0.003491227,5.5442e-5,0.006392737,0.011271001,4.6708e-5,0.006983668,0.007909135,0.13346445
OPF-polar,pglib_opf_case24464_goc.m,pglib_opf_case24464_goc.m,ExaModels,203374,313641,1186591,1714423,2.1e-8,0.004215294,4.9302e-5,0.007479203,0.013047022,4.8399e-5,0.008495891,0.009102025,0.148123995
OPF-polar,pglib_opf_case30000_goc.m,pglib_opf_case30000_goc.m,ExaModels,208624,307752,1128843,1620818,2.0e-8,0.003899241,5.814e-5,0.007039795,0.012424021,6.6888e-5,0.007752675,0.008396218,0.161563515
OPF-polar,pglib_opf_case78484_epigrids.m,pglib_opf_case78484_epigrids.m,ExaModels,674562,1039062,3950953,5708389,2.0e-8,0.02385493,0.000216343,0.033251058,0.048958717,0.000221358,0.03810962,0.041932786,0.537534072
OPF-rect,pglib_opf_case3_lmbd.m,pglib_opf_case3_lmbd.m,ExaModels,24,31,122,150,2.0e-8,2.72e-7,3.1e-8,4.95e-7,5.39e-7,3.2e-8,5.9e-7,5.7e-7,0.000379636
OPF-rect,pglib_opf_case5_pjm.m,pglib_opf_case5_pjm.m,ExaModels,44,58,234,290,2.0e-8,3.99e-7,3.8e-8,8.9e-7,1.178e-6,4.2e-8,1.113e-6,1.046e-6,0.000420764
OPF-rect,pglib_opf_case14_ieee.m,pglib_opf_case14_ieee.m,ExaModels,118,183,736,932,2.0e-8,9.48e-7,4.4e-8,2.739e-6,3.169e-6,4.2e-8,3.263e-6,3.009e-6,0.000474853
OPF-rect,pglib_opf_case24_ieee_rts.m,pglib_opf_case24_ieee_rts.m,ExaModels,266,339,1428,1776,1.9e-8,1.623e-6,1.01e-7,5.104e-6,5.689e-6,1.15e-7,6.082e-6,5.583e-6,0.000582594
OPF-rect,pglib_opf_case30_ieee.m,pglib_opf_case30_ieee.m,ExaModels,236,378,1506,1911,2.0e-8,1.727e-6,5.4e-8,6.03e-6,6.676e-6,5.2e-8,6.626e-6,6.017e-6,0.000581851
OPF-rect,pglib_opf_case30_as.m,pglib_opf_case30_as.m,ExaModels,236,378,1506,1911,2.1e-8,1.814e-6,5.2e-8,5.605e-6,6.755e-6,5.5e-8,6.623e-6,6.157e-6,0.000567821
OPF-rect,pglib_opf_case39_epri.m,pglib_opf_case39_epri.m,ExaModels,282,440,1728,2179,2.0e-8,1.955e-6,6.6e-8,6.203e-6,7.01e-6,6.9e-8,7.355e-6,6.809e-6,0.000569348
OPF-rect,pglib_opf_case57_ieee.m,pglib_opf_case57_ieee.m,ExaModels,448,732,2918,3712,1.9e-8,3.404e-6,6.5e-8,1.1877e-5,1.202e-5,6.5e-8,1.2683e-5,1.1812e-5,0.000741968
OPF-rect,pglib_opf_case60_c.m,pglib_opf_case60_c.m,ExaModels,518,797,3224,4082,2.0e-8,3.675e-6,9.1e-8,1.2138e-5,1.4485e-5,1.05e-7,1.4153e-5,1.2882e-5,0.000718569
OPF-rect,pglib_opf_case73_ieee_rts.m,pglib_opf_case73_ieee_rts.m,ExaModels,824,1060,4478,5580,2.0e-8,5.064e-6,2.38e-7,1.7324e-5,1.847e-5,2.71e-7,1.9188e-5,1.7967e-5,0.001062329
OPF-rect,pglib_opf_case89_pegase.m,pglib_opf_case89_pegase.m,ExaModels,1042,1738,7280,9369,2.0e-8,8.624e-6,9.5e-8,2.8318e-5,3.4134e-5,1.03e-7,3.2351e-5,3.0734e-5,0.001090642
OPF-rect,pglib_opf_case118_ieee.m,pglib_opf_case118_ieee.m,ExaModels,1088,1657,6770,8577,2.0e-8,7.689e-6,1.63e-7,2.7779e-5,2.8297e-5,1.84e-7,2.8955e-5,2.7715e-5,0.001260623
OPF-rect,pglib_opf_case162_ieee_dtc.m,pglib_opf_case162_ieee_dtc.m,ExaModels,1484,2475,10086,12915,1.9e-8,1.1869e-5,1.12e-7,3.8069e-5,4.254e-5,1.17e-7,4.4213e-5,4.1943e-5,0.001699078
OPF-rect,pglib_opf_case179_goc.m,pglib_opf_case179_goc.m,ExaModels,1468,2379,9550,12152,1.9e-8,1.121e-5,1.4e-7,3.597e-5,3.7999e-5,1.34e-7,3.8862e-5,3.686e-5,0.001771706
OPF-rect,pglib_opf_case197_snem.m,pglib_opf_case197_snem.m,ExaModels,1608,2594,10406,13232,2.0e-8,1.2146e-5,1.56e-7,3.7021e-5,4.14e-5,1.68e-7,4.2737e-5,4.1862e-5,0.001979919
OPF-rect,pglib_opf_case200_activ.m,pglib_opf_case200_activ.m,ExaModels,1456,2316,9118,11531,2.0e-8,1.0328e-5,1.53e-7,3.349e-5,3.8376e-5,1.7e-7,3.8575e-5,3.714e-5,0.001834294
OPF-rect,pglib_opf_case240_pserc.m,pglib_opf_case240_pserc.m,ExaModels,2558,3857,16064,20402,1.9e-8,1.8496e-5,7.35e-7,6.1103e-5,6.7118e-5,7.56e-7,6.9543e-5,6.4821e-5,0.002459785
OPF-rect,pglib_opf_case300_ieee.m,pglib_opf_case300_ieee.m,ExaModels,2382,3778,15092,19134,2.0e-8,1.7228e-5,2.38e-7,5.6596e-5,6.3243e-5,2.71e-7,6.4052e-5,6.0228e-5,0.00258122
OPF-rect,pglib_opf_case500_goc.m,pglib_opf_case500_goc.m,ExaModels,4254,6597,26640,33750,2.0e-8,3.0638e-5,1.426e-6,0.000100228,0.000112588,1.612e-6,0.000113514,0.00010775,0.003847318
OPF-rect,pglib_opf_case588_sdet.m,pglib_opf_case588_sdet.m,ExaModels,4110,6567,25672,32438,1.9e-8,2.9379e-5,1.054e-6,9.3593e-5,0.000109242,1.16e-6,0.000107304,0.000100921,0.00349961
OPF-rect,pglib_opf_case793_goc.m,pglib_opf_case793_goc.m,ExaModels,5432,8771,34170,43204,1.9e-8,3.9207e-5,1.492e-6,0.000126488,0.0001449,1.353e-6,0.000146714,0.000134144,0.004971468
OPF-rect,pglib_opf_case1354_pegase.m,pglib_opf_case1354_pegase.m,ExaModels,11192,18000,72358,92009,2.0e-8,8.9885e-5,3.226e-6,0.00028706,0.000324677,3.783e-6,0.000328156,0.000301931,0.008387492
OPF-rect,pglib_opf_case1803_snem.m,pglib_opf_case1803_snem.m,ExaModels,15246,24975,100720,128441,1.9e-8,0.000135617,4.377e-6,0.000411724,0.000460034,4.135e-6,0.000457297,0.000422466,0.01111836
OPF-rect,pglib_opf_case1888_rte.m,pglib_opf_case1888_rte.m,ExaModels,14480,23382,92902,117923,1.9e-8,0.000121317,3.958e-6,0.000376505,0.000422699,4.643e-6,0.000422713,0.000384702,0.010702705
OPF-rect,pglib_opf_case1951_rte.m,pglib_opf_case1951_rte.m,ExaModels,15018,24026,95512,121107,1.9e-8,0.000127693,3.754e-6,0.000386858,0.000435293,3.978e-6,0.000435962,0.000398367,0.011195956
OPF-rect,pglib_opf_case2000_goc.m,pglib_opf_case2000_goc.m,ExaModels,19008,31432,128734,164827,1.9e-8,0.000186514,5.042e-6,0.000543264,0.000603356,4.948e-6,0.000606954,0.000558617,0.013933641
OPF-rect,pglib_opf_case2312_goc.m,pglib_opf_case2312_goc.m,ExaModels,17128,28028,110742,140647,1.9e-8,0.000154519,4.353e-6,0.000451983,0.000510179,5.189e-6,0.00050812,0.000465387,0.012881528
OPF-rect,pglib_opf_case2383wp_k.m,pglib_opf_case2383wp_k.m,ExaModels,17004,27422,107626,136260,1.9e-8,0.000148348,5.721e-6,0.000436732,0.000498605,4.764e-6,0.000490774,0.000449862,0.012102
OPF-rect,pglib_opf_case2736sp_k.m,pglib_opf_case2736sp_k.m,ExaModels,19088,31092,121566,153987,1.9e-8,0.000176001,4.669e-6,0.000502877,0.000569494,4.887e-6,0.000560136,0.00051659,0.014304676
OPF-rect,pglib_opf_case2737sop_k.m,pglib_opf_case2737sop_k.m,ExaModels,18988,31095,121470,153942,1.9e-8,0.00017475,4.275e-6,0.000503515,0.000571696,4.426e-6,0.000556866,0.000514385,0.014229325
OPF-rect,pglib_opf_case2742_goc.m,pglib_opf_case2742_goc.m,ExaModels,24540,40938,166354,212903,1.9e-8,0.000275154,6.08e-6,0.000709377,0.000794674,4.467e-6,0.000789721,0.000737678,0.016436268
OPF-rect,pglib_opf_case2746wop_k.m,pglib_opf_case2746wop_k.m,ExaModels,19582,31388,123164,155804,1.9e-8,0.000180411,6.562e-6,0.000508724,0.000581072,6.565e-6,0.000570721,0.00052658,0.014606212
OPF-rect,pglib_opf_case2746wp_k.m,pglib_opf_case2746wp_k.m,ExaModels,19520,31192,122318,154653,1.9e-8,0.000178051,6.625e-6,0.000506577,0.000573111,5.51e-6,0.000565574,0.000519545,0.014397846
OPF-rect,pglib_opf_case2848_rte.m,pglib_opf_case2848_rte.m,ExaModels,21822,34977,138944,176194,1.9e-8,0.000215214,5.574e-6,0.00059235,0.000665224,5.742e-6,0.000655326,0.000612626,0.01611861
OPF-rect,pglib_opf_case2853_sdet.m,pglib_opf_case2853_sdet.m,ExaModels,23028,36007,144230,182622,1.9e-8,0.000221879,6.51e-6,0.000598526,0.000686536,6.798e-6,0.000664487,0.000627152,0.017127911
OPF-rect,pglib_opf_case2868_rte.m,pglib_opf_case2868_rte.m,ExaModels,22090,35261,140188,177708,1.9e-8,0.000218142,5.607e-6,0.000594825,0.000671266,5.719e-6,0.000657306,0.00061509,0.016329967
OPF-rect,pglib_opf_case2869_pegase.m,pglib_opf_case2869_pegase.m,ExaModels,25086,40682,164860,210171,1.9e-8,0.000274527,6.279e-6,0.000716815,0.000803573,6.273e-6,0.00079484,0.000750106,0.017369665
OPF-rect,pglib_opf_case3012wp_k.m,pglib_opf_case3012wp_k.m,ExaModels,21082,34041,133148,168484,4.5e-8,0.00020007,5.563e-6,0.000557061,0.00064279,5.512e-6,0.00061158,0.000573838,0.015469544
OPF-rect,pglib_opf_case3022_goc.m,pglib_opf_case3022_goc.m,ExaModels,23238,38012,151108,192132,1.9e-8,0.000232751,5.864e-6,0.000635274,0.000725095,5.819e-6,0.000700987,0.000659029,0.016947133
OPF-rect,pglib_opf_case3120sp_k.m,pglib_opf_case3120sp_k.m,ExaModels,21608,35212,137494,174127,1.9e-8,0.000209113,5.624e-6,0.00057514,0.00067476,5.558e-6,0.000636652,0.000593027,0.01559155
OPF-rect,pglib_opf_case3375wp_k.m,pglib_opf_case3375wp_k.m,ExaModels,24350,39250,154356,195488,1.9e-8,0.00024211,6.135e-6,0.000645302,0.000741099,5.835e-6,0.000728977,0.00067866,0.017754245
OPF-rect,pglib_opf_case3970_goc.m,pglib_opf_case3970_goc.m,ExaModels,35270,58398,237100,303128,1.9e-8,0.000474256,7.935e-6,0.001014378,0.001159499,8.05e-6,0.001133978,0.00107378,0.024149017
OPF-rect,pglib_opf_case4020_goc.m,pglib_opf_case4020_goc.m,ExaModels,36696,60977,248442,317971,1.9e-8,0.000505147,8.498e-6,0.001067391,0.001219456,9.075e-6,0.00119416,0.001129491,0.025401671
OPF-rect,pglib_opf_case4601_goc.m,pglib_opf_case4601_goc.m,ExaModels,38814,64197,258792,330375,1.9e-8,0.000526483,9.384e-6,0.001116425,0.001269032,9.157e-6,0.001247317,0.001176584,0.02710144
OPF-rect,pglib_opf_case4619_goc.m,pglib_opf_case4619_goc.m,ExaModels,42532,70908,289210,370364,1.9e-8,0.000605198,1.2483e-5,0.001261845,0.001420493,1.2259e-5,0.001410824,0.001328035,0.0300622
OPF-rect,pglib_opf_case4661_sdet.m,pglib_opf_case4661_sdet.m,ExaModels,34758,55963,221320,280567,1.9e-8,0.00043003,1.0701e-5,0.000951012,0.001076799,1.0883e-5,0.001056192,0.000998088,0.025820836
OPF-rect,pglib_opf_case4837_goc.m,pglib_opf_case4837_goc.m,ExaModels,41398,68867,278168,355487,1.9e-8,0.000577419,9.213e-6,0.001200307,0.001363674,9.424e-6,0.001339835,0.001265101,0.028235672
OPF-rect,pglib_opf_case4917_goc.m,pglib_opf_case4917_goc.m,ExaModels,37872,61834,245870,312564,1.9e-8,0.000488825,8.557e-6,0.00105476,0.001224511,8.967e-6,0.001181922,0.001118401,0.029103831
OPF-rect,pglib_opf_case5658_epigrids.m,pglib_opf_case5658_epigrids.m,ExaModels,48552,80479,325202,415449,1.9e-8,0.000695056,1.1091e-5,0.001417775,0.001625937,1.072e-5,0.001587524,0.001503912,0.033909283
OPF-rect,pglib_opf_case6468_rte.m,pglib_opf_case6468_rte.m,ExaModels,49734,82405,327608,417210,2.0e-8,0.00070245,1.1982e-5,0.001450227,0.001666936,1.2207e-5,0.001632767,0.001520833,0.037691007
OPF-rect,pglib_opf_case6470_rte.m,pglib_opf_case6470_rte.m,ExaModels,50482,82446,328504,417794,1.9e-8,0.000685684,1.4418e-5,0.001441775,0.001645614,1.5541e-5,0.001625314,0.001520773,0.037899939
OPF-rect,pglib_opf_case6495_rte.m,pglib_opf_case6495_rte.m,ExaModels,50426,82619,328940,418451,1.9e-8,0.000683074,1.4958e-5,0.001442483,0.001647409,1.395e-5,0.001617832,0.001519904,0.038093543
OPF-rect,pglib_opf_case6515_rte.m,pglib_opf_case6515_rte.m,ExaModels,50546,82805,329644,419331,1.9e-8,0.000684206,1.4892e-5,0.001439847,0.001645763,1.4361e-5,0.001618791,0.001521556,0.038231167
OPF-rect,pglib_opf_case7336_epigrids.m,pglib_opf_case7336_epigrids.m,ExaModels,62116,102642,413994,528501,2.0e-8,0.000873348,1.7107e-5,0.001810279,0.002048189,1.8826e-5,0.002026952,0.001913608,0.043708452
OPF-rect,pglib_opf_case8387_pegase.m,pglib_opf_case8387_pegase.m,ExaModels,78748,127089,520006,663752,1.9e-8,0.001121388,2.3408e-5,0.002378679,0.002663961,2.3879e-5,0.002773885,0.002595805,0.058980218
OPF-rect,pglib_opf_case9241_pegase.m,pglib_opf_case9241_pegase.m,ExaModels,85568,140067,571906,730952,2.0e-8,0.00124425,2.6432e-5,0.002618581,0.002967832,2.6032e-5,0.003056772,0.002923057,0.060649448
OPF-rect,pglib_opf_case9591_goc.m,pglib_opf_case9591_goc.m,ExaModels,83572,140179,567558,726344,1.9e-8,0.001228534,2.3223e-5,0.002518169,0.002846658,2.2159e-5,0.002820861,0.002693111,0.057201499
OPF-rect,pglib_opf_case10000_goc.m,pglib_opf_case10000_goc.m,ExaModels,76804,122352,486210,616125,2.0e-8,0.001063923,2.3167e-5,0.002110305,0.002416059,2.5118e-5,0.002367806,0.002249408,0.056313019
OPF-rect,pglib_opf_case10192_epigrids.m,pglib_opf_case10192_epigrids.m,ExaModels,89850,149645,606916,776313,1.9e-8,0.001320009,2.4628e-5,0.00268616,0.003036434,2.5501e-5,0.003023059,0.002898127,0.062023046
OPF-rect,pglib_opf_case10480_goc.m,pglib_opf_case10480_goc.m,ExaModels,96750,161354,658324,843138,1.9e-8,0.001433549,2.7344e-5,0.002944188,0.003314554,2.728e-5,0.003316972,0.003193923,0.065997538
OPF-rect,pglib_opf_case13659_pegase.m,pglib_opf_case13659_pegase.m,ExaModels,117370,184247,745084,945663,2.0e-8,0.001677245,3.9276e-5,0.003567725,0.004036784,4.1619e-5,0.004343883,0.004230674,0.085884901
OPF-rect,pglib_opf_case19402_goc.m,pglib_opf_case19402_goc.m,ExaModels,179562,301135,1228884,1574954,1.9e-8,0.003017853,4.6507e-5,0.005999792,0.00691506,4.8173e-5,0.006476275,0.006398666,0.122325811
OPF-rect,pglib_opf_case20758_epigrids.m,pglib_opf_case20758_epigrids.m,ExaModels,179236,295676,1195874,1527131,2.0e-8,0.00281747,5.2767e-5,0.005624387,0.006669169,5.2564e-5,0.006153242,0.006104583,0.127469321
OPF-rect,pglib_opf_case24464_goc.m,pglib_opf_case24464_goc.m,ExaModels,203374,338105,1360080,1736650,2.0e-8,0.003491054,5.7607e-5,0.006779956,0.007917353,6.0829e-5,0.007301773,0.00718816,0.142523697
OPF-rect,pglib_opf_case30000_goc.m,pglib_opf_case30000_goc.m,ExaModels,208624,337752,1319630,1670035,2.0e-8,0.003197903,6.3474e-5,0.006463299,0.007538479,6.4598e-5,0.006769995,0.006606386,0.151347496
OPF-rect,pglib_opf_case78484_epigrids.m,pglib_opf_case78484_epigrids.m,ExaModels,674562,1117540,4516896,5770274,1.9e-8,0.022146268,0.000213865,0.033200265,0.037965628,0.000215719,0.03270071,0.034017958,0.524087274
